{
  "version": 1,
  "serviceConfiguration": {
    "apiName": "partyUsAPI",
    "serviceName": "AppSync",
    "defaultAuthType": {
      "mode": "AMAZON_COGNITO_USER_POOLS",
      "cognitoUserPoolId": "authpartyus82cb367f"
    },
    "additionalAuthTypes": [
      {
        "mode": "API_KEY",
        "expirationTime": 7,
        "apiKeyExpirationDate": "2022-09-21T03:15:53.904Z",
        "keyDescription": ""
      },
      {
        "mode": "AWS_IAM"
      }
    ],
    "conflictResolution": {
      "defaultResolutionStrategy": {
        "type": "AUTOMERGE"
      }
    }
  }
}