{
  "providers": {
    "awscloudformation": {
      "AuthRoleName": "amplify-partyus-staging-204926-authRole",
      "UnauthRoleArn": "arn:aws:iam::832832547198:role/amplify-partyus-staging-204926-unauthRole",
      "AuthRoleArn": "arn:aws:iam::832832547198:role/amplify-partyus-staging-204926-authRole",
      "Region": "us-east-1",
      "DeploymentBucketName": "amplify-partyus-staging-204926-deployment",
      "UnauthRoleName": "amplify-partyus-staging-204926-unauthRole",
      "StackName": "amplify-partyus-staging-204926",
      "StackId": "arn:aws:cloudformation:us-east-1:832832547198:stack/amplify-partyus-staging-204926/e7d676c0-2712-11ed-afad-0a4675a43ea3",
      "AmplifyAppId": "d2wgqt4140r1d2"
    }
  },
  "api": {
    "partyUsREST": {
      "service": "API Gateway",
      "providerPlugin": "awscloudformation",
      "dependsOn": [
        {
          "category": "function",
          "resourceName": "createReserva",
          "attributes": [
            "Name",
            "Arn"
          ]
        }
      ],
      "lastPushTimeStamp": "2022-09-15T22:37:25.203Z",
      "providerMetadata": {
        "s3TemplateURL": "https://s3.amazonaws.com/amplify-partyus-staging-204926-deployment/amplify-cfn-templates/api/partyUsREST-cloudformation-template.json",
        "logicalId": "apipartyUsREST"
      },
      "output": {
        "ApiName": "partyUsREST",
        "RootUrl": "https://5pgcz89wxb.execute-api.us-east-1.amazonaws.com/staging",
        "ApiId": "5pgcz89wxb"
      },
      "lastPushDirHash": "XFav4BlpJk54DxUfnyPMudAz2Ug="
    },
    "partyUsAPI": {
      "service": "AppSync",
      "providerPlugin": "awscloudformation",
      "dependsOn": [
        {
          "category": "auth",
          "resourceName": "partyus82cb367f",
          "attributes": [
            "UserPoolId"
          ]
        }
      ],
      "output": {
        "authConfig": {
          "defaultAuthentication": {
            "authenticationType": "AMAZON_COGNITO_USER_POOLS",
            "userPoolConfig": {
              "userPoolId": "authpartyus82cb367f"
            }
          },
          "additionalAuthenticationProviders": [
            {
              "authenticationType": "API_KEY",
              "apiKeyConfig": {
                "apiKeyExpirationDays": 7,
                "apiKeyExpirationDate": "2022-09-21T03:15:53.904Z",
                "description": ""
              }
            },
            {
              "authenticationType": "AWS_IAM"
            }
          ]
        },
        "GraphQLAPIIdOutput": "nctzex5el5ekzeja2427yehwte",
        "GraphQLAPIEndpointOutput": "https://5f4d772aq5dbpllg24lkk3b3qe.appsync-api.us-east-1.amazonaws.com/graphql",
        "GraphQLAPIKeyOutput": "da2-c6gcaqruabejvevn2fvwmexr44"
      },
      "providerMetadata": {
        "s3TemplateURL": "https://s3.amazonaws.com/amplify-partyus-staging-204926-deployment/amplify-cfn-templates/api/cloudformation-template.json",
        "logicalId": "apipartyUsAPI"
      },
      "lastPushTimeStamp": "2022-09-15T22:37:30.841Z",
      "lastPushDirHash": "nxYXpI34gheH7ydXLW1rK8/nQiA="
    }
  },
  "auth": {
    "partyus82cb367f": {
      "service": "Cognito",
      "providerPlugin": "awscloudformation",
      "dependsOn": [],
      "customAuth": false,
      "frontendAuthConfig": {
        "socialProviders": [],
        "usernameAttributes": [
          "EMAIL"
        ],
        "signupAttributes": [
          "EMAIL"
        ],
        "passwordProtectionSettings": {
          "passwordPolicyMinLength": 8,
          "passwordPolicyCharacters": []
        },
        "mfaConfiguration": "OFF",
        "mfaTypes": [
          "SMS"
        ],
        "verificationMechanisms": [
          "EMAIL"
        ]
      },
      "output": {
        "UserPoolId": "us-east-1_qeqtTmSYv",
        "AppClientIDWeb": "33mombrjrd9vfuvl4ali2ikqhi",
        "AppClientID": "34345gmjb8p2auqi8mmtc9cdbv",
        "IdentityPoolId": "us-east-1:19941848-7fa1-494f-afd1-d563b48f00b4",
        "UserPoolArn": "arn:aws:cognito-idp:us-east-1:832832547198:userpool/us-east-1_qeqtTmSYv",
        "IdentityPoolName": "partyus82cb367f_identitypool_82cb367f__staging",
        "UserPoolName": "partyus82cb367f_userpool_82cb367f"
      },
      "lastPushTimeStamp": "2022-09-15T22:37:25.215Z",
      "providerMetadata": {
        "s3TemplateURL": "https://s3.amazonaws.com/amplify-partyus-staging-204926-deployment/amplify-cfn-templates/auth/partyus82cb367f-cloudformation-template.json",
        "logicalId": "authpartyus82cb367f"
      }
    }
  },
  "function": {
    "postSignUpPARTYUS": {
      "build": true,
      "providerPlugin": "awscloudformation",
      "service": "Lambda",
      "dependsOn": [
        {
          "category": "api",
          "resourceName": "partyUsAPI",
          "attributes": [
            "GraphQLAPIIdOutput",
            "GraphQLAPIEndpointOutput",
            "GraphQLAPIKeyOutput"
          ]
        },
        {
          "category": "function",
          "resourceName": "partyuscapaPostSignUp",
          "attributes": [
            "Arn"
          ]
        }
      ],
      "output": {
        "Region": "us-east-1",
        "Arn": "arn:aws:lambda:us-east-1:832832547198:function:postSignUpPARTYUS-staging",
        "Name": "postSignUpPARTYUS-staging",
        "LambdaExecutionRole": "partyusLambdaRoled620f0c3-staging"
      },
      "lastPushTimeStamp": "2022-09-15T22:37:25.220Z",
      "providerMetadata": {
        "s3TemplateURL": "https://s3.amazonaws.com/amplify-partyus-staging-204926-deployment/amplify-cfn-templates/function/postSignUpPARTYUS-cloudformation-template.json",
        "logicalId": "functionpostSignUpPARTYUS"
      },
      "s3Bucket": {
        "deploymentBucketName": "amplify-partyus-staging-204926-deployment",
        "s3Key": "amplify-builds/postSignUpPARTYUS-7a325965704c6e475768-build.zip"
      },
      "lastBuildTimeStamp": "2022-09-14T04:22:49.510Z",
      "lastBuildType": "PROD",
      "lastPackageTimeStamp": "2022-09-14T04:22:50.843Z",
      "distZipFilename": "postSignUpPARTYUS-7a325965704c6e475768-build.zip",
      "lastPushDirHash": "vU14uexMeEIDbDocGrPNyhcbdRY="
    },
    "partyuscapaPostSignUp": {
      "providerPlugin": "awscloudformation",
      "service": "LambdaLayer",
      "build": true,
      "output": {
        "Arn": "arn:aws:lambda:us-east-1:832832547198:layer:partyuscapaPostSignUp-staging:1"
      },
      "lastPushTimeStamp": "2022-09-15T22:37:25.226Z",
      "providerMetadata": {
        "s3TemplateURL": "https://s3.amazonaws.com/amplify-partyus-staging-204926-deployment/amplify-cfn-templates/function/partyuscapaPostSignUp-awscloudformation-template.json",
        "logicalId": "functionpartyuscapaPostSignUp"
      },
      "s3Bucket": {
        "deploymentBucketName": "amplify-partyus-staging-204926-deployment",
        "s3Key": "amplify-builds/partyuscapaPostSignUp-LambdaLayerVersionda1d5a67-build.zip"
      }
    },
    "createReserva": {
      "build": true,
      "providerPlugin": "awscloudformation",
      "service": "Lambda",
      "dependsOn": [
        {
          "category": "api",
          "resourceName": "partyUsAPI",
          "attributes": [
            "GraphQLAPIIdOutput",
            "GraphQLAPIEndpointOutput",
            "GraphQLAPIKeyOutput"
          ]
        },
        {
          "category": "function",
          "resourceName": "partyuscapaPostSignUp",
          "attributes": [
            "Arn"
          ]
        }
      ],
      "lastPushTimeStamp": "2022-09-15T22:37:25.231Z",
      "lastBuildTimeStamp": "2022-09-14T03:18:00.363Z",
      "lastBuildType": "PROD",
      "lastPackageTimeStamp": "2022-09-14T03:18:07.049Z",
      "distZipFilename": "createReserva-7342627852314a6f462f-build.zip",
      "s3Bucket": {
        "deploymentBucketName": "amplify-partyus-staging-204926-deployment",
        "s3Key": "amplify-builds/createReserva-7342627852314a6f462f-build.zip"
      },
      "providerMetadata": {
        "s3TemplateURL": "https://s3.amazonaws.com/amplify-partyus-staging-204926-deployment/amplify-cfn-templates/function/createReserva-cloudformation-template.json",
        "logicalId": "functioncreateReserva"
      },
      "output": {
        "Region": "us-east-1",
        "Arn": "arn:aws:lambda:us-east-1:832832547198:function:createReserva-staging",
        "Name": "createReserva-staging",
        "LambdaExecutionRole": "partyusLambdaRole25dd5335-staging"
      },
      "lastPushDirHash": "lReo8E70jqrXQY0ApJD+qMyHl3w="
    }
  },
  "storage": {
    "partyUsStorage": {
      "service": "S3",
      "providerPlugin": "awscloudformation",
      "dependsOn": [],
      "output": {
        "BucketName": "partyus658eef5e52dc4fb6a98ba8247cf89882204926-staging",
        "Region": "us-east-1",
        "service": "S3"
      },
      "lastPushTimeStamp": "2022-09-15T22:37:25.236Z",
      "providerMetadata": {
        "s3TemplateURL": "https://s3.amazonaws.com/amplify-partyus-staging-204926-deployment/amplify-cfn-templates/storage/cloudformation-template.json",
        "logicalId": "storagepartyUsStorage"
      },
      "testMode": true,
      "resourceName": "partyUsStorage"
    }
  }
}